"temperatura_LPS22HB","humidity","speed_acceleration","pos_3d_acceleration","number_of_satellites","gps_fix","","accelerometer","gyro_accelerometer","angular_velocity","heading","gps_ecef","ecef_velocity","pressure","temperatura_HTS221","time","timeStamp"
36.70000076,73.59999847,36,731,10,3,"{""x"":-4,""y"":-2,""z"":2}","{""x"":928,""y"":-100,""z"":35}","{""x"":1031,""y"":119,""z"":50}","{""x"":-280,""y"":4410,""z"":630}","{""x"":250,""y"":-36,""z"":261}","{""x"":399971046,""y"":-436265425,""z"":-237076196}","{""x"":-4,""y"":-2,""z"":2}",943.5599976,34.20000076,208,797869
36.59999847,0,0,0,0,0,"{""x"":0,""y"":0,""z"":0}","{""x"":-147,""y"":-159,""z"":117}","{""x"":-93,""y"":75,""z"":85}","{""x"":216790,""y"":3990,""z"":-9940}","{""x"":192,""y"":100,""z"":372}","{""x"":0,""y"":0,""z"":0}","{""x"":0,""y"":0,""z"":0}",916.5,0,3069,3069
36.59999847,71.09999847,293,8323,7,3,"{""x"":6949,""y"":-4757,""z"":-1277}","{""x"":-233,""y"":-46,""z"":-69}","{""x"":-77,""y"":-59,""z"":-31}","{""x"":268590,""y"":2170,""z"":-10570}","{""x"":204,""y"":-84,""z"":481}","{""x"":399979908,""y"":-436272683,""z"":-237078436}","{""x"":6949,""y"":-4757,""z"":-1277}",913.7800293,37,203,3471
36.59999847,71.09999847,168,5037,9,3,"{""x"":7433,""y"":-5025,""z"":1}","{""x"":-155,""y"":117,""z"":-85}","{""x"":-70,""y"":57,""z"":-26}","{""x"":316050,""y"":9380,""z"":-8750}","{""x"":217,""y"":-124,""z"":220}","{""x"":399996134,""y"":-436284535,""z"":-237078651}","{""x"":7433,""y"":-5025,""z"":1}",910.5800171,37,204,3883
36.59999847,71.09999847,168,5037,9,3,"{""x"":7433,""y"":-5025,""z"":1}","{""x"":-241,""y"":62,""z"":-46}","{""x"":-65,""y"":-38,""z"":-129}","{""x"":377300,""y"":7350,""z"":-14630}","{""x"":211,""y"":27,""z"":228}","{""x"":399996134,""y"":-436284535,""z"":-237078651}","{""x"":7433,""y"":-5025,""z"":1}",908.6900024,37,223,4106
36.59999847,71.09999847,168,5037,9,3,"{""x"":7433,""y"":-5025,""z"":1}","{""x"":-167,""y"":105,""z"":-73}","{""x"":-55,""y"":-82,""z"":-19}","{""x"":462000,""y"":16660,""z"":-12670}","{""x"":211,""y"":-135,""z"":447}","{""x"":399996134,""y"":-436284535,""z"":-237078651}","{""x"":7433,""y"":-5025,""z"":1}",905.6799927,37,207,4506
36.59999847,71.09999847,147,4463,9,3,"{""x"":7172,""y"":-4784,""z"":249}","{""x"":-171,""y"":265,""z"":-65}","{""x"":-48,""y"":-103,""z"":-84}","{""x"":576310,""y"":5740,""z"":-20440}","{""x"":195,""y"":90,""z"":304}","{""x"":400003039,""y"":-436289023,""z"":-237078400}","{""x"":7172,""y"":-4784,""z"":249}",902.9000244,37,193,4902
36.59999847,71.09999847,147,4463,9,3,"{""x"":7172,""y"":-4784,""z"":249}","{""x"":-120,""y"":374,""z"":-190}","{""x"":-42,""y"":-167,""z"":-180}","{""x"":709590,""y"":17850,""z"":-28910}","{""x"":210,""y"":-111,""z"":205}","{""x"":400003039,""y"":-436289023,""z"":-237078400}","{""x"":7172,""y"":-4784,""z"":249}",900.4000244,37,197,5301
36.59999847,71.09999847,151,3764,11,3,"{""x"":6722,""y"":-4547,""z"":361}","{""x"":-393,""y"":710,""z"":137}","{""x"":0,""y"":-170,""z"":-398}","{""x"":1008560,""y"":25550,""z"":-34580}","{""x"":216,""y"":-115,""z"":208}","{""x"":400009273,""y"":-436292956,""z"":-237077915}","{""x"":6722,""y"":-4547,""z"":361}",898.0999756,37.046875,5916,5714
36.59999847,71.09999847,151,3764,11,3,"{""x"":6722,""y"":-4547,""z"":361}","{""x"":-233,""y"":191,""z"":-366}","{""x"":-157,""y"":-300,""z"":-242}","{""x"":924490,""y"":19880,""z"":-26110}","{""x"":214,""y"":-103,""z"":459}","{""x"":400009273,""y"":-436292956,""z"":-237077915}","{""x"":6722,""y"":-4547,""z"":361}",895.0200195,37,193,6316
36.59999847,71.09999847,151,3764,11,3,"{""x"":6722,""y"":-4547,""z"":361}","{""x"":-284,""y"":324,""z"":-3}","{""x"":-121,""y"":-88,""z"":-219}","{""x"":870450,""y"":24570,""z"":-24990}","{""x"":214,""y"":-156,""z"":424}","{""x"":400009273,""y"":-436292956,""z"":-237077915}","{""x"":6722,""y"":-4547,""z"":361}",892.25,37,204,6727
36.59999847,71.09999847,168,3248,10,3,"{""x"":6410,""y"":-4246,""z"":334}","{""x"":-206,""y"":542,""z"":-77}","{""x"":-108,""y"":-246,""z"":-187}","{""x"":804650,""y"":23800,""z"":-21280}","{""x"":222,""y"":-118,""z"":463}","{""x"":400015039,""y"":-436296429,""z"":-237077381}","{""x"":6410,""y"":-4246,""z"":334}",891.8400269,37,202,7137
36.59999847,71.09999847,168,3248,10,3,"{""x"":6410,""y"":-4246,""z"":334}","{""x"":-210,""y"":94,""z"":-253}","{""x"":-63,""y"":-93,""z"":-133}","{""x"":768180,""y"":20790,""z"":-17920}","{""x"":207,""y"":-66,""z"":484}","{""x"":400015039,""y"":-436296429,""z"":-237077381}","{""x"":6410,""y"":-4246,""z"":334}",890.0300293,37,219,7561
36.59999847,71.09999847,182,2849,9,3,"{""x"":6122,""y"":-4049,""z"":212}","{""x"":-116,""y"":-264,""z"":-385}","{""x"":-68,""y"":-33,""z"":-244}","{""x"":737940,""y"":12250,""z"":-17010}","{""x"":192,""y"":49,""z"":462}","{""x"":400020385,""y"":-436299532,""z"":-237076820}","{""x"":6122,""y"":-4049,""z"":212}",888.4400024,37,229,8000
36.59999847,71.09999847,182,2849,9,3,"{""x"":6122,""y"":-4049,""z"":212}","{""x"":-256,""y"":406,""z"":-116}","{""x"":-61,""y"":-71,""z"":-200}","{""x"":694470,""y"":7210,""z"":-22470}","{""x"":189,""y"":112,""z"":369}","{""x"":400020385,""y"":-436299532,""z"":-237076820}","{""x"":6122,""y"":-4049,""z"":212}",886.5300293,37,193,8400
36.59999847,71.09999847,192,2764,7,3,"{""x"":5919,""y"":-4048,""z"":151}","{""x"":-217,""y"":43,""z"":-112}","{""x"":-43,""y"":-170,""z"":-206}","{""x"":655900,""y"":11480,""z"":-31360}","{""x"":190,""y"":-10,""z"":193}","{""x"":400026226,""y"":-436303388,""z"":-237076544}","{""x"":5919,""y"":-4048,""z"":151}",886.539978,37,205,8814
36.59999847,71.09999847,192,2764,7,3,"{""x"":5919,""y"":-4048,""z"":151}","{""x"":-124,""y"":293,""z"":-182}","{""x"":-36,""y"":-60,""z"":-94}","{""x"":624820,""y"":25760,""z"":-24850}","{""x"":195,""y"":-204,""z"":330}","{""x"":400026226,""y"":-436303388,""z"":-237076544}","{""x"":5919,""y"":-4048,""z"":151}",886.9500122,37,193,9214
36.59999847,71.09999847,192,2764,7,3,"{""x"":5919,""y"":-4048,""z"":151}","{""x"":-260,""y"":281,""z"":-34}","{""x"":-15,""y"":-146,""z"":-162}","{""x"":596330,""y"":12320,""z"":-7630}","{""x"":184,""y"":39,""z"":501}","{""x"":400026226,""y"":-436303388,""z"":-237076544}","{""x"":5919,""y"":-4048,""z"":151}",885.0599976,37,204,9609
36.5,71.09999847,192,2764,7,3,"{""x"":5919,""y"":-4048,""z"":151}","{""x"":254,""y"":-186,""z"":242}","{""x"":166,""y"":-125,""z"":190}","{""x"":555170,""y"":1680,""z"":-24640}","{""x"":169,""y"":19,""z"":195}","{""x"":400026226,""y"":-436303388,""z"":-237076544}","{""x"":5919,""y"":-4048,""z"":151}",884.6400146,37,202,10020
36.5,71.09999847,192,2764,7,3,"{""x"":5919,""y"":-4048,""z"":151}","{""x"":-245,""y"":82,""z"":-182}","{""x"":-58,""y"":118,""z"":-74}","{""x"":448000,""y"":15400,""z"":-20370}","{""x"":178,""y"":-183,""z"":435}","{""x"":400026226,""y"":-436303388,""z"":-237076544}","{""x"":5919,""y"":-4048,""z"":151}",885.1300049,37,202,10420
36.5,71.09999847,243,2703,7,3,"{""x"":5510,""y"":-4008,""z"":189}","{""x"":640,""y"":359,""z"":-806}","{""x"":5,""y"":-48,""z"":303}","{""x"":399980,""y"":7350,""z"":-7070}","{""x"":178,""y"":-151,""z"":198}","{""x"":400037073,""y"":-436310668,""z"":-237075798}","{""x"":5510,""y"":-4008,""z"":189}",884.3200073,37,335,10755
36.5,71.09999847,243,2703,7,3,"{""x"":5510,""y"":-4008,""z"":189}","{""x"":-241,""y"":-381,""z"":-568}","{""x"":-158,""y"":364,""z"":-405}","{""x"":-45710,""y"":57190,""z"":16870}","{""x"":186,""y"":57,""z"":237}","{""x"":400037073,""y"":-436310668,""z"":-237075798}","{""x"":5510,""y"":-4008,""z"":189}",883.5700073,37,221,10976
36.5,71.09999847,243,2703,7,3,"{""x"":5510,""y"":-4008,""z"":189}","{""x"":-241,""y"":-444,""z"":546}","{""x"":-173,""y"":628,""z"":364}","{""x"":-457310,""y"":-72170,""z"":131180}","{""x"":213,""y"":-105,""z"":210}","{""x"":400037073,""y"":-436310668,""z"":-237075798}","{""x"":5510,""y"":-4008,""z"":189}",881.2399902,37,197,11376
36.5,71.09999847,273,2694,7,3,"{""x"":5398,""y"":-3739,""z"":-53}","{""x"":-97,""y"":328,""z"":-210}","{""x"":62,""y"":-151,""z"":-169}","{""x"":-462840,""y"":185570,""z"":-65310}","{""x"":24,""y"":42,""z"":543}","{""x"":400042029,""y"":-436313911,""z"":-237075497}","{""x"":5398,""y"":-3739,""z"":-53}",884.6900024,37,221,11801
36.5,71.09999847,273,2694,7,3,"{""x"":5398,""y"":-3739,""z"":-53}","{""x"":66,""y"":293,""z"":222}","{""x"":153,""y"":-494,""z"":7}","{""x"":108990,""y"":38150,""z"":30170}","{""x"":-78,""y"":91,""z"":217}","{""x"":400042029,""y"":-436313911,""z"":-237075497}","{""x"":5398,""y"":-3739,""z"":-53}",885.3499756,37,207,12211
36.5,71.09999847,284,2702,6,3,"{""x"":5061,""y"":-3704,""z"":-463}","{""x"":593,""y"":-241,""z"":546}","{""x"":703,""y"":161,""z"":454}","{""x"":35000,""y"":-40180,""z"":23380}","{""x"":-66,""y"":138,""z"":360}","{""x"":400046910,""y"":-436317311,""z"":-237075750}","{""x"":5061,""y"":-3704,""z"":-463}",885.5800171,37,210,12614
36.5,71.09999847,284,2702,6,3,"{""x"":5061,""y"":-3704,""z"":-463}","{""x"":659,""y"":410,""z"":-73}","{""x"":756,""y"":-421,""z"":67}","{""x"":2310,""y"":-32480,""z"":-280}","{""x"":-84,""y"":126,""z"":442}","{""x"":400046910,""y"":-436317311,""z"":-237075750}","{""x"":5061,""y"":-3704,""z"":-463}",886.3800049,37,209,13025
36.5,71.09999847,284,2702,6,3,"{""x"":5061,""y"":-3704,""z"":-463}","{""x"":706,""y"":230,""z"":546}","{""x"":839,""y"":-342,""z"":376}","{""x"":-74760,""y"":-63700,""z"":-76650}","{""x"":15,""y"":171,""z"":376}","{""x"":400046910,""y"":-436317311,""z"":-237075750}","{""x"":5061,""y"":-3704,""z"":-463}",887.1500244,37,198,13426
36.5,71.09999847,300,2729,6,3,"{""x"":4910,""y"":-3505,""z"":-884}","{""x"":741,""y"":-401,""z"":-432}","{""x"":903,""y"":293,""z"":-412}","{""x"":37380,""y"":1260,""z"":10290}","{""x"":102,""y"":160,""z"":370}","{""x"":400051630,""y"":-436320534,""z"":-237076437}","{""x"":4910,""y"":-3505,""z"":-884}",888.0300293,37,193,13823
36.5,71.09999847,300,2729,6,3,"{""x"":4910,""y"":-3505,""z"":-884}","{""x"":1041,""y"":137,""z"":62}","{""x"":1091,""y"":-177,""z"":100}","{""x"":-21420,""y"":36260,""z"":4480}","{""x"":52,""y"":160,""z"":406}","{""x"":400051630,""y"":-436320534,""z"":-237076437}","{""x"":4910,""y"":-3505,""z"":-884}",888.7700195,37,218,14244
36.5,71.09999847,308,2768,6,3,"{""x"":4051,""y"":-3691,""z"":-1746}","{""x"":796,""y"":-182,""z"":-292}","{""x"":898,""y"":180,""z"":-144}","{""x"":-16730,""y"":-23660,""z"":-28140}","{""x"":102,""y"":159,""z"":361}","{""x"":400055521,""y"":-436323766,""z"":-237077830}","{""x"":4051,""y"":-3691,""z"":-1746}",889.5100098,37,210,14647
36.5,71.09999847,308,2768,6,3,"{""x"":4051,""y"":-3691,""z"":-1746}","{""x"":846,""y"":-159,""z"":-112}","{""x"":938,""y"":92,""z"":-45}","{""x"":-13650,""y"":10500,""z"":16100}","{""x"":109,""y"":153,""z"":336}","{""x"":400055521,""y"":-436323766,""z"":-237077830}","{""x"":4051,""y"":-3691,""z"":-1746}",890.460022,37,208,15058
36.5,71.09999847,308,2768,6,3,"{""x"":4051,""y"":-3691,""z"":-1746}","{""x"":881,""y"":168,""z"":86}","{""x"":972,""y"":-49,""z"":72}","{""x"":-70560,""y"":-5950,""z"":-6510}","{""x"":103,""y"":136,""z"":282}","{""x"":400055521,""y"":-436323766,""z"":-237077830}","{""x"":4051,""y"":-3691,""z"":-1746}",891.4099731,37,198,15458
36.5,71.09999847,316,2818,6,3,"{""x"":3716,""y"":-3724,""z"":-2085}","{""x"":1069,""y"":211,""z"":215}","{""x"":1150,""y"":-136,""z"":184}","{""x"":-35140,""y"":-1330,""z"":-10080}","{""x"":129,""y"":69,""z"":193}","{""x"":400059014,""y"":-436327164,""z"":-237079721}","{""x"":3716,""y"":-3724,""z"":-2085}",892.3499756,37,218,15882
36.5,71.09999847,316,2818,6,3,"{""x"":3716,""y"":-3724,""z"":-2085}","{""x"":753,""y"":273,""z"":187}","{""x"":914,""y"":-27,""z"":-48}","{""x"":66990,""y"":21350,""z"":-210}","{""x"":123,""y"":97,""z"":226}","{""x"":400059014,""y"":-436327164,""z"":-237079721}","{""x"":3716,""y"":-3724,""z"":-2085}",893.2199707,37,207,16292
36.5,71.09999847,299,2866,5,3,"{""x"":3337,""y"":-3473,""z"":-2061}","{""x"":772,""y"":39,""z"":137}","{""x"":866,""y"":-49,""z"":160}","{""x"":74900,""y"":5180,""z"":-3920}","{""x"":126,""y"":133,""z"":321}","{""x"":400060642,""y"":-436328735,""z"":-237080735}","{""x"":3337,""y"":-3473,""z"":-2061}",894.25,37,210,16695
36.5,71.09999847,299,2866,5,3,"{""x"":3337,""y"":-3473,""z"":-2061}","{""x"":854,""y"":-54,""z"":-22}","{""x"":995,""y"":45,""z"":-1}","{""x"":80500,""y"":-7140,""z"":2660}","{""x"":144,""y"":132,""z"":426}","{""x"":400060642,""y"":-436328735,""z"":-237080735}","{""x"":3337,""y"":-3473,""z"":-2061}",895.3200073,37,208,17106
36.5,71.09999847,299,2866,5,3,"{""x"":3337,""y"":-3473,""z"":-2061}","{""x"":1061,""y"":43,""z"":82}","{""x"":1110,""y"":-31,""z"":138}","{""x"":27720,""y"":4690,""z"":-7700}","{""x"":136,""y"":84,""z"":486}","{""x"":400060642,""y"":-436328735,""z"":-237080735}","{""x"":3337,""y"":-3473,""z"":-2061}",896.2800293,37,199,17508
36.5,71.09999847,322,2929,7,3,"{""x"":3093,""y"":-3389,""z"":-2212}","{""x"":870,""y"":62,""z"":121}","{""x"":961,""y"":-21,""z"":115}","{""x"":-6580,""y"":4060,""z"":-17640}","{""x"":133,""y"":69,""z"":495}","{""x"":400062813,""y"":-436331230,""z"":-237082304}","{""x"":3093,""y"":-3389,""z"":-2212}",896.8699951,37,216,17724
36.5,71.09999847,322,2929,7,3,"{""x"":3093,""y"":-3389,""z"":-2212}","{""x"":1084,""y"":-46,""z"":117}","{""x"":1173,""y"":37,""z"":120}","{""x"":420,""y"":-9800,""z"":-910}","{""x"":162,""y"":76,""z"":474}","{""x"":400062813,""y"":-436331230,""z"":-237082304}","{""x"":3093,""y"":-3389,""z"":-2212}",897.9099731,37,186,18118
36.5,71.09999847,322,2929,7,3,"{""x"":3093,""y"":-3389,""z"":-2212}","{""x"":1096,""y"":-54,""z"":4}","{""x"":1132,""y"":84,""z"":-20}","{""x"":71960,""y"":4970,""z"":7840}","{""x"":171,""y"":46,""z"":481}","{""x"":400062813,""y"":-436331230,""z"":-237082304}","{""x"":3093,""y"":-3389,""z"":-2212}",898.8200073,37,194,18519
36.5,71.09999847,331,3008,6,3,"{""x"":2909,""y"":-3409,""z"":-2226}","{""x"":948,""y"":254,""z"":195}","{""x"":1034,""y"":-33,""z"":66}","{""x"":28210,""y"":5810,""z"":-19110}","{""x"":160,""y"":-19,""z"":517}","{""x"":400065082,""y"":-436334013,""z"":-237084120}","{""x"":2909,""y"":-3409,""z"":-2226}",899.7600098,37,203,18931
36.5,71.09999847,83886362,2149360,134,3,"{""x"":135006301,""y"":2147441583,""z"":1878849346}","{""x"":134218726,""y"":168,""z"":-3145887}","{""x"":0,""y"":-99,""z"":173}","{""x"":27930,""y"":-14140,""z"":16100}","{""x"":186,""y"":-49,""z"":511}","{""x"":400065075,""y"":-436317627,""z"":-241278424}","{""x"":135006301,""y"":2147441583,""z"":1878849346}",900.789978,37,19542,11338713680685
36.5,71.09999847,307,3058,5,3,"{""x"":2555,""y"":-3114,""z"":-2037}","{""x"":1030,""y"":499,""z"":86}","{""x"":1018,""y"":-194,""z"":61}","{""x"":40180,""y"":19670,""z"":-3500}","{""x"":184,""y"":-100,""z"":498}","{""x"":400065176,""y"":-436334368,""z"":-237084631}","{""x"":2555,""y"":-3114,""z"":-2037}",902.25,37,209,19955
36.5,71.09999847,307,3058,5,3,"{""x"":2555,""y"":-3114,""z"":-2037}","{""x"":811,""y"":148,""z"":-42}","{""x"":861,""y"":-170,""z"":24}","{""x"":2940,""y"":10710,""z"":-20020}","{""x"":174,""y"":-111,""z"":492}","{""x"":400065176,""y"":-436334368,""z"":-237084631}","{""x"":2555,""y"":-3114,""z"":-2037}",902.6400146,37,213,20168
36.5,71.09999847,277,3101,5,3,"{""x"":2264,""y"":-2746,""z"":-1890}","{""x"":1014,""y"":62,""z"":90}","{""x"":1121,""y"":-50,""z"":80}","{""x"":-12110,""y"":5390,""z"":-2100}","{""x"":174,""y"":-120,""z"":498}","{""x"":400064750,""y"":-436334039,""z"":-237084821}","{""x"":2264,""y"":-2746,""z"":-1890}",903.8900146,37,195,20570
36.5,71.09999847,277,3101,5,3,"{""x"":2264,""y"":-2746,""z"":-1890}","{""x"":932,""y"":59,""z"":94}","{""x"":1066,""y"":7,""z"":-67}","{""x"":-9030,""y"":-2660,""z"":2030}","{""x"":178,""y"":-97,""z"":499}","{""x"":400064750,""y"":-436334039,""z"":-237084821}","{""x"":2264,""y"":-2746,""z"":-1890}",904.8499756,37,216,20994
36.5,71.09999847,277,3101,5,3,"{""x"":2264,""y"":-2746,""z"":-1890}","{""x"":870,""y"":12,""z"":-93}","{""x"":923,""y"":-202,""z"":67}","{""x"":-28910,""y"":2660,""z"":-2240}","{""x"":178,""y"":-75,""z"":502}","{""x"":400064750,""y"":-436334039,""z"":-237084821}","{""x"":2264,""y"":-2746,""z"":-1890}",905.8099976,37,202,21403
36.5,71.09999847,247,3128,5,3,"{""x"":1964,""y"":-2416,""z"":-1711}","{""x"":831,""y"":-19,""z"":-54}","{""x"":953,""y"":52,""z"":-81}","{""x"":-910,""y"":-1050,""z"":5460}","{""x"":175,""y"":-57,""z"":508}","{""x"":400063774,""y"":-436333137,""z"":-237084646}","{""x"":1964,""y"":-2416,""z"":-1711}",906.9299927,37,203,21807
36.5,71.09999847,247,3128,5,3,"{""x"":1964,""y"":-2416,""z"":-1711}","{""x"":784,""y"":43,""z"":-15}","{""x"":881,""y"":-12,""z"":-36}","{""x"":-23450,""y"":8890,""z"":4550}","{""x"":186,""y"":-42,""z"":517}","{""x"":400063774,""y"":-436333137,""z"":-237084646}","{""x"":1964,""y"":-2416,""z"":-1711}",907.7299805,37,203,22218
36.5,71.09999847,285,3185,7,3,"{""x"":1835,""y"":-2190,""z"":-1515}","{""x"":850,""y"":-116,""z"":86}","{""x"":940,""y"":61,""z"":96}","{""x"":-59640,""y"":8540,""z"":-3360}","{""x"":171,""y"":4,""z"":508}","{""x"":400063375,""y"":-436332866,""z"":-237084650}","{""x"":1835,""y"":-2190,""z"":-1515}",908.8400269,37,188,22605
36.5,71.09999847,285,3185,7,3,"{""x"":1835,""y"":-2190,""z"":-1515}","{""x"":792,""y"":23,""z"":-30}","{""x"":905,""y"":99,""z"":-53}","{""x"":-27930,""y"":280,""z"":5040}","{""x"":174,""y"":58,""z"":484}","{""x"":400063375,""y"":-436332866,""z"":-237084650}","{""x"":1835,""y"":-2190,""z"":-1515}",909.7800293,37,203,23016
36.40000153,71.09999847,285,3185,7,3,"{""x"":1835,""y"":-2190,""z"":-1515}","{""x"":1014,""y"":-77,""z"":23}","{""x"":1096,""y"":77,""z"":-8}","{""x"":-770,""y"":-350,""z"":8960}","{""x"":178,""y"":63,""z"":478}","{""x"":400063375,""y"":-436332866,""z"":-237084650}","{""x"":1835,""y"":-2190,""z"":-1515}",910.8800049,37,194,23417
36.40000153,71.09999847,285,3185,7,3,"{""x"":1835,""y"":-2190,""z"":-1515}","{""x"":944,""y"":133,""z"":-26}","{""x"":1030,""y"":-58,""z"":-16}","{""x"":-20650,""y"":2870,""z"":7630}","{""x"":166,""y"":88,""z"":460}","{""x"":400063375,""y"":-436332866,""z"":-237084650}","{""x"":1835,""y"":-2190,""z"":-1515}",912.0200195,37,202,23828
36.40000153,71.09999847,285,3185,7,3,"{""x"":1835,""y"":-2190,""z"":-1515}","{""x"":948,""y"":43,""z"":-120}","{""x"":1012,""y"":-29,""z"":-89}","{""x"":-30730,""y"":7700,""z"":14490}","{""x"":157,""y"":111,""z"":429}","{""x"":400063375,""y"":-436332866,""z"":-237084650}","{""x"":1835,""y"":-2190,""z"":-1515}",913.1099854,37,215,24251
36.40000153,71.09999847,304,3304,7,3,"{""x"":1341,""y"":-2142,""z"":-1082}","{""x"":878,""y"":31,""z"":31}","{""x"":972,""y"":-83,""z"":89}","{""x"":-50330,""y"":12810,""z"":7420}","{""x"":145,""y"":141,""z"":384}","{""x"":400062020,""y"":-436332815,""z"":-237084035}","{""x"":1341,""y"":-2142,""z"":-1082}",914.1099854,37,229,24692
36.40000153,71.09999847,304,3304,7,3,"{""x"":1341,""y"":-2142,""z"":-1082}","{""x"":1080,""y"":12,""z"":-54}","{""x"":1158,""y"":-76,""z"":-11}","{""x"":-68950,""y"":700,""z"":7000}","{""x"":142,""y"":136,""z"":298}","{""x"":400062020,""y"":-436332815,""z"":-237084035}","{""x"":1341,""y"":-2142,""z"":-1082}",915.2700195,37,203,25103
36.40000153,71.09999847,307,3364,7,3,"{""x"":1308,""y"":-1850,""z"":-1100}","{""x"":936,""y"":16,""z"":-93}","{""x"":1061,""y"":-8,""z"":-166}","{""x"":-91770,""y"":13300,""z"":560}","{""x"":153,""y"":67,""z"":193}","{""x"":400061397,""y"":-436332461,""z"":-237083852}","{""x"":1308,""y"":-1850,""z"":-1100}",916.3900146,37,195,25505
36.40000153,71.09999847,307,3364,7,3,"{""x"":1308,""y"":-1850,""z"":-1100}","{""x"":983,""y"":-42,""z"":-34}","{""x"":1083,""y"":6,""z"":-82}","{""x"":-84560,""y"":4130,""z"":13930}","{""x"":162,""y"":-33,""z"":162}","{""x"":400061397,""y"":-436332461,""z"":-237083852}","{""x"":1308,""y"":-1850,""z"":-1100}",917.4299927,37,203,25916
36.40000153,71.09999847,307,3364,7,3,"{""x"":1308,""y"":-1850,""z"":-1100}","{""x"":924,""y"":191,""z"":-120}","{""x"":1037,""y"":-187,""z"":-68}","{""x"":-130550,""y"":13790,""z"":-700}","{""x"":174,""y"":-154,""z"":199}","{""x"":400061397,""y"":-436332461,""z"":-237083852}","{""x"":1308,""y"":-1850,""z"":-1100}",918.3900146,37,203,26327
36.40000153,71.09999847,298,3437,7,3,"{""x"":1194,""y"":-1827,""z"":-1002}","{""x"":928,""y"":47,""z"":31}","{""x"":1028,""y"":32,""z"":0}","{""x"":-84840,""y"":1050,""z"":2380}","{""x"":177,""y"":-228,""z"":325}","{""x"":400061314,""y"":-436332878,""z"":-237083992}","{""x"":1194,""y"":-1827,""z"":-1002}",919.3099976,37,204,26732
36.40000153,71.09999847,298,3437,7,3,"{""x"":1194,""y"":-1827,""z"":-1002}","{""x"":870,""y"":-50,""z"":20}","{""x"":962,""y"":83,""z"":40}","{""x"":-58170,""y"":-210,""z"":5740}","{""x"":178,""y"":-208,""z"":415}","{""x"":400061314,""y"":-436332878,""z"":-237083992}","{""x"":1194,""y"":-1827,""z"":-1002}",920.4699707,37,203,27127
36.40000153,71.09999847,286,3521,7,3,"{""x"":1180,""y"":-1711,""z"":-1026}","{""x"":991,""y"":-19,""z"":117}","{""x"":1100,""y"":8,""z"":76}","{""x"":-14000,""y"":3080,""z"":4130}","{""x"":180,""y"":-186,""z"":438}","{""x"":400061601,""y"":-436333560,""z"":-237084428}","{""x"":1180,""y"":-1711,""z"":-1026}",921.5200195,37,196,27530
36.40000153,71.09999847,286,3521,7,3,"{""x"":1180,""y"":-1711,""z"":-1026}","{""x"":893,""y"":12,""z"":117}","{""x"":1019,""y"":-30,""z"":56}","{""x"":-13720,""y"":-2310,""z"":11480}","{""x"":193,""y"":-175,""z"":451}","{""x"":400061601,""y"":-436333560,""z"":-237084428}","{""x"":1180,""y"":-1711,""z"":-1026}",922.5100098,37,202,27952
36.40000153,71.09999847,286,3521,7,3,"{""x"":1180,""y"":-1711,""z"":-1026}","{""x"":1244,""y"":-104,""z"":-526}","{""x"":1344,""y"":-16,""z"":-361}","{""x"":-47950,""y"":6090,""z"":9240}","{""x"":204,""y"":-129,""z"":474}","{""x"":400061601,""y"":-436333560,""z"":-237084428}","{""x"":1180,""y"":-1711,""z"":-1026}",923.460022,37,204,28363
36.40000153,71.09999847,286,3521,7,3,"{""x"":1180,""y"":-1711,""z"":-1026}","{""x"":1006,""y"":55,""z"":-120}","{""x"":1068,""y"":-103,""z"":-68}","{""x"":-54320,""y"":13090,""z"":12810}","{""x"":183,""y"":-48,""z"":514}","{""x"":400061601,""y"":-436333560,""z"":-237084428}","{""x"":1180,""y"":-1711,""z"":-1026}",924.539978,37,203,28777
36.40000153,71.09999847,286,3521,7,3,"{""x"":1180,""y"":-1711,""z"":-1026}","{""x"":959,""y"":133,""z"":74}","{""x"":1062,""y"":-91,""z"":27}","{""x"":-70700,""y"":-420,""z"":980}","{""x"":171,""y"":39,""z"":502}","{""x"":400061601,""y"":-436333560,""z"":-237084428}","{""x"":1180,""y"":-1711,""z"":-1026}",925.6599731,37,202,29187
36.40000153,71.09999847,261,3720,6,3,"{""x"":1187,""y"":-1639,""z"":-948}","{""x"":998,""y"":82,""z"":-128}","{""x"":1086,""y"":-44,""z"":-90}","{""x"":-48580,""y"":12460,""z"":6510}","{""x"":172,""y"":84,""z"":451}","{""x"":400063179,""y"":-436335836,""z"":-237085892}","{""x"":1187,""y"":-1639,""z"":-948}",926.6400146,37,193,29591
36.40000153,71.09999847,261,3720,6,3,"{""x"":1187,""y"":-1639,""z"":-948}","{""x"":952,""y"":203,""z"":-22}","{""x"":1032,""y"":-27,""z"":-86}","{""x"":-50960,""y"":1750,""z"":11830}","{""x"":165,""y"":121,""z"":402}","{""x"":400063179,""y"":-436335836,""z"":-237085892}","{""x"":1187,""y"":-1639,""z"":-948}",927.6599731,37,203,30002
36.40000153,71.09999847,261,3720,6,3,"{""x"":1187,""y"":-1639,""z"":-948}","{""x"":1069,""y"":261,""z"":62}","{""x"":1185,""y"":-111,""z"":-57}","{""x"":-76930,""y"":9380,""z"":4620}","{""x"":159,""y"":130,""z"":319}","{""x"":400063179,""y"":-436335836,""z"":-237085892}","{""x"":1187,""y"":-1639,""z"":-948}",928.7000122,37,204,30414
36.40000153,71.09999847,249,3806,7,3,"{""x"":1111,""y"":-1620,""z"":-925}","{""x"":897,""y"":0,""z"":-128}","{""x"":996,""y"":-139,""z"":-14}","{""x"":-57680,""y"":-6370,""z"":9380}","{""x"":151,""y"":100,""z"":244}","{""x"":400063316,""y"":-436336422,""z"":-237086166}","{""x"":1111,""y"":-1620,""z"":-925}",929.6400146,37,203,30817
36.40000153,71.09999847,249,3806,7,3,"{""x"":1111,""y"":-1620,""z"":-925}","{""x"":948,""y"":0,""z"":27}","{""x"":1060,""y"":-2,""z"":-31}","{""x"":-43960,""y"":-4760,""z"":12880}","{""x"":142,""y"":76,""z"":202}","{""x"":400063316,""y"":-436336422,""z"":-237086166}","{""x"":1111,""y"":-1620,""z"":-925}",929.9899902,37,223,31040
36.40000153,71.09999847,241,3905,6,3,"{""x"":1079,""y"":-1561,""z"":-969}","{""x"":749,""y"":-112,""z"":-100}","{""x"":849,""y"":88,""z"":-42}","{""x"":-23240,""y"":20860,""z"":10150}","{""x"":135,""y"":57,""z"":183}","{""x"":400063839,""y"":-436337314,""z"":-237086799}","{""x"":1079,""y"":-1561,""z"":-969}",931.0599976,37,210,31436
36.40000153,71.09999847,241,3905,6,3,"{""x"":1079,""y"":-1561,""z"":-969}","{""x"":1034,""y"":-50,""z"":-139}","{""x"":1182,""y"":-46,""z"":-107}","{""x"":-54180,""y"":3920,""z"":-2660}","{""x"":157,""y"":13,""z"":175}","{""x"":400063839,""y"":-436337314,""z"":-237086799}","{""x"":1079,""y"":-1561,""z"":-969}",931.9299927,37,208,31837
36.40000153,71.09999847,241,3905,6,3,"{""x"":1079,""y"":-1561,""z"":-969}","{""x"":831,""y"":82,""z"":-15}","{""x"":1040,""y"":-76,""z"":-25}","{""x"":-90790,""y"":11410,""z"":-8050}","{""x"":168,""y"":-69,""z"":166}","{""x"":400063839,""y"":-436337314,""z"":-237086799}","{""x"":1079,""y"":-1561,""z"":-969}",932.8499756,37,207,32247
36.40000153,71.09999847,238,3977,7,3,"{""x"":1000,""y"":-1487,""z"":-918}","{""x"":722,""y"":-175,""z"":-30}","{""x"":807,""y"":105,""z"":11}","{""x"":-73150,""y"":-5110,""z"":3710}","{""x"":177,""y"":-180,""z"":210}","{""x"":400063160,""y"":-436336946,""z"":-237086610}","{""x"":1000,""y"":-1487,""z"":-918}",934.0599976,37,208,32660
36.40000153,71.09999847,238,3977,7,3,"{""x"":1000,""y"":-1487,""z"":-918}","{""x"":866,""y"":-128,""z"":78}","{""x"":955,""y"":124,""z"":59}","{""x"":-4200,""y"":7350,""z"":-3850}","{""x"":166,""y"":-213,""z"":258}","{""x"":400063160,""y"":-436336946,""z"":-237086610}","{""x"":1000,""y"":-1487,""z"":-918}",934.789978,37,208,33070
36.40000153,71.09999847,232,4048,7,3,"{""x"":920,""y"":-1447,""z"":-838}","{""x"":975,""y"":20,""z"":-26}","{""x"":1091,""y"":-17,""z"":1}","{""x"":5040,""y"":5250,""z"":1820}","{""x"":171,""y"":-208,""z"":232}","{""x"":400062493,""y"":-436336649,""z"":-237086404}","{""x"":920,""y"":-1447,""z"":-838}",936.0100098,37,209,33483
36.40000153,71.09999847,232,4048,7,3,"{""x"":920,""y"":-1447,""z"":-838}","{""x"":827,""y"":-54,""z"":12}","{""x"":944,""y"":91,""z"":-35}","{""x"":-2100,""y"":3990,""z"":1120}","{""x"":168,""y"":-204,""z"":244}","{""x"":400062493,""y"":-436336649,""z"":-237086404}","{""x"":920,""y"":-1447,""z"":-838}",936.8300171,37,208,33885
36.40000153,71.09999847,232,4048,7,3,"{""x"":920,""y"":-1447,""z"":-838}","{""x"":928,""y"":16,""z"":16}","{""x"":1013,""y"":-1,""z"":-2}","{""x"":50680,""y"":6090,""z"":-5460}","{""x"":177,""y"":-180,""z"":219}","{""x"":400062493,""y"":-436336649,""z"":-237086404}","{""x"":920,""y"":-1447,""z"":-838}",937.789978,37,225,34312
36.40000153,71.09999847,232,4048,7,3,"{""x"":920,""y"":-1447,""z"":-838}","{""x"":905,""y"":16,""z"":261}","{""x"":976,""y"":147,""z"":230}","{""x"":101780,""y"":7070,""z"":9030}","{""x"":168,""y"":-94,""z"":165}","{""x"":400062493,""y"":-436336649,""z"":-237086404}","{""x"":920,""y"":-1447,""z"":-838}",938.8099976,37,197,34712
36.40000153,71.09999847,232,4048,7,3,"{""x"":920,""y"":-1447,""z"":-838}","{""x"":959,""y"":-15,""z"":-143}","{""x"":1044,""y"":40,""z"":-138}","{""x"":55650,""y"":-2590,""z"":-8540}","{""x"":166,""y"":9,""z"":184}","{""x"":400062493,""y"":-436336649,""z"":-237086404}","{""x"":920,""y"":-1447,""z"":-838}",939.8800049,37,207,35121
36.40000153,71.09999847,213,4265,7,3,"{""x"":804,""y"":-1344,""z"":-792}","{""x"":1053,""y"":98,""z"":16}","{""x"":1155,""y"":-100,""z"":-11}","{""x"":73290,""y"":2520,""z"":-5880}","{""x"":150,""y"":69,""z"":210}","{""x"":400061561,""y"":-436336519,""z"":-237086224}","{""x"":804,""y"":-1344,""z"":-792}",940.9899902,37,198,35522
36.40000153,71.09999847,213,4265,7,3,"{""x"":804,""y"":-1344,""z"":-792}","{""x"":878,""y"":-22,""z"":20}","{""x"":941,""y"":52,""z"":86}","{""x"":45570,""y"":2730,""z"":-5880}","{""x"":154,""y"":127,""z"":291}","{""x"":400061561,""y"":-436336519,""z"":-237086224}","{""x"":804,""y"":-1344,""z"":-792}",941.9500122,37,208,35916
36.40000153,71.09999847,205,4302,6,3,"{""x"":820,""y"":-1310,""z"":-737}","{""x"":975,""y"":0,""z"":12}","{""x"":1027,""y"":-17,""z"":13}","{""x"":7070,""y"":7420,""z"":-3430}","{""x"":157,""y"":127,""z"":304}","{""x"":400061843,""y"":-436337173,""z"":-237086633}","{""x"":820,""y"":-1310,""z"":-737}",943.0599976,37,209,36328